_c0,_c1,_c2,_c3,_c4,_c5,_c6,_c7,_c8,_c9,_c10,_c11,_c12,_c13,_c14,Time dependent15,Time dependent16,_c17,_c18,Time dependent19,Time dependent20,_c21,_c22,Time dependent23,Independent24,_c25,_c26,Independent27,_c28,_c29,Independent30,Independent31,Independent32,Independent33,Independent34,Independent35,Independent36,Independent37,Independent38,Independent39,Independent40,_c41,_c42
Project,Total area (m2),Underground floors,Ground floors,Total floors,Buildings,Start date,Finish date,Durations (days),Contract amount (NTD),Prediction periods,null,null,IF1,IF1,IF1,IF2,IF3,IF3,IF3,IF4,IF5,IF5,IF5,IF6,IF7,IF7,IF7,IF8,IF8,IF8,IF9,IF10,IF11,IF12,IF13,IF14,IF15,IF16,IF17,IF18,null,null
null,null,null,null,null,null,null,null,null,null,null,null,null,H,D,Actual duration (AD) or construction duration,Percent of scheduled work completed,H,D,Percent of actual work completed or planned cost,Percent change in contract amount,H,D,Percent of budget spent or actual cost,Weather or number of rainy days,H,D,Schedule Performance Index or Time management,H,D,Cost Performance Index or cost management,Subcontractor management,Contract payment,Change order, Construction price fluctuation,Total floor area (m2),Number of floor,Amount of budget (NTD),Labor market,Productivity,Material prices,Y_ESAC,y_ECAC
A,"31,797",2,9,11,4,2001-07-04,2003-03-31,635,"530,000,000",20,1,Project-G-2,0.09,0.09,0.09,0.06,0.06,0.06,0.06,1.00,0.05,0.05,0.05,0.01,0.94,0.94,0.94,1.17,1.17,1.17,0.99,0.85,1,1.00250350490687,"31,797",11,"530,000,000",-0.2,99.46,55.41,1.00472440944882,0.955181838944
null,null,null,null,null,null,null,null,null,null,null,2,Project-G-3,0.14,0.14,0.14,0.09,0.08,0.08,0.08,1.00,0.06,0.06,0.06,0.04,0.90,0.90,0.90,1.43,1.43,1.43,1.38,0.96,1,0.998698177448428,"31,797",11,"530,000,000",-1.61,99.46,55.4,0.955905511811024,0.9215145456928
null,null,null,null,null,null,null,null,null,null,null,3,Project-G-4,0.19,0.19,0.19,0.12,0.10,0.10,0.10,1.00,0.08,0.08,0.08,0.04,0.81,0.81,0.81,1.15,1.15,1.15,0.92,0.8,1,0.998397756859604,"31,797",11,"530,000,000",-0.79,99.46,55.38,0.908661417322835,0.9675266869584
null,null,null,null,null,null,null,null,null,null,null,4,Project-G-5,0.23,0.23,0.23,0.15,0.13,0.13,0.13,1.00,0.13,0.13,0.13,0.04,0.90,0.90,0.90,1.04,1.04,1.04,1.35,1.3,1,0.997196074504306,"31,797",11,"530,000,000",0.24,99.46,55.39,0.859842519685039,0.9490144480376
null,null,null,null,null,null,null,null,null,null,null,5,Project-G-6,0.28,0.28,0.28,0.17,0.20,0.20,0.20,1.00,0.17,0.17,0.17,0.04,1.15,1.15,1.15,1.18,1.18,1.18,1,0.85,1,0.996795513719207,"31,797",11,"530,000,000",0.99,99.46,55.37,0.81259842519685,0.94263773671
null,null,null,null,null,null,null,null,null,null,null,6,Project-G-7,0.33,0.33,0.33,0.20,0.25,0.25,0.25,1.00,0.17,0.17,0.17,0.05,1.26,1.26,1.26,1.48,1.48,1.48,1.11,0.75,1,0.99749649509313,"31,797",11,"530,000,000",-0.52,107.94,55.66,0.763779527559055,0.8826194645164
null,null,null,null,null,null,null,null,null,null,null,7,Project-G-8,0.38,0.38,0.38,0.22,0.24,0.24,0.24,1.00,0.26,0.26,0.26,0.05,1.09,1.09,1.09,0.93,0.93,0.93,0.73,0.79,1,1.00030042058882,"31,797",11,"530,000,000",-2.68,107.94,56.06,0.718110236220472,0.9909968084232
null,null,null,null,null,null,null,null,null,null,null,8,Project-G-9,0.42,0.42,0.42,0.26,0.31,0.31,0.31,1.00,0.28,0.28,0.28,0.06,1.21,1.21,1.21,1.10,1.10,1.10,1.02,0.93,1,1.00290406569197,"31,797",11,"530,000,000",-0.55,107.94,56.36,0.670866141732283,0.9373665664212
null,null,null,null,null,null,null,null,null,null,null,9,Project-G-10,0.47,0.47,0.47,0.29,0.35,0.35,0.35,1.00,0.31,0.31,0.31,0.07,1.20,1.20,1.20,1.12,1.12,1.12,1.05,0.94,1,1.00721009413178,"31,797",11,"530,000,000",-0.0600000000000001,107.94,56.79,0.622047244094488,0.9236778886412
null,null,null,null,null,null,null,null,null,null,null,10,Project-G-11,0.57,0.57,0.57,0.33,0.41,0.41,0.41,1.00,0.39,0.39,0.39,0.08,1.24,1.24,1.24,1.05,1.05,1.05,1.02,0.97,1,1.02663729220909,"31,797",11,"530,000,000",-0.12,107.94,58.67,0.525984251968504,0.9210156277308
null,null,null,null,null,null,null,null,null,null,null,11,Project-G-12,0.62,0.62,0.62,0.37,0.45,0.45,0.45,1.00,0.44,0.44,0.44,0.09,1.22,1.22,1.22,1.03,1.03,1.03,0.97,0.95,1,1.02753855397557,"31,797",11,"530,000,000",0.68,107.94,58.73,0.478740157480315,0.93203355853
null,null,null,null,null,null,null,null,null,null,null,12,Project-G-13,0.76,0.76,0.76,0.78,0.83,0.80,0.82,1.04,0.66,0.64,0.65,0.09,1.03,1.03,1.03,1.26,1.26,1.26,1.08,0.86,1.04,1.01652313238534,"31,797",11,"530,000,000",0.37,107.94,57.76,0.333858267716535,0.9700448037676
null,null,null,null,null,null,null,null,null,null,null,13,Project-G-14,0.81,0.81,0.81,0.91,0.83,0.80,0.82,1.04,0.76,0.73,0.75,0.10,0.88,0.88,0.88,1.10,1.10,1.10,1.1,1,1.04,1.01822551572201,"31,797",11,"530,000,000",-0.0899999999999999,107.94,57.97,0.28503937007874,1.0413614407996
null,null,null,null,null,null,null,null,null,null,null,14,Project-G-15,0.86,0.86,0.86,0.97,1.02,0.96,0.99,1.07,0.81,0.76,0.78,0.11,0.99,0.99,0.99,1.26,1.26,1.26,1.14,0.9,1.07,1.02082916082516,"31,797",11,"530,000,000",0.74,107.94,58.47,0.237795275590551,1.0284960807272
null,null,null,null,null,null,null,null,null,null,null,15,Project-G-16,0.91,0.91,0.91,1.00,1.05,0.98,1.01,1.07,0.84,0.79,0.81,0.11,0.98,0.98,0.98,1.25,1.25,1.25,1.19,0.95,1.07,1.03104346084518,"31,797",11,"530,000,000",-0.62,107.44,59.47,0.188976377952756,1.0221752471048
null,null,null,null,null,null,null,null,null,null,null,16,Project-G-17,0.95,0.95,0.95,1.00,1.07,1.00,1.03,1.07,0.86,0.80,0.83,0.11,1.00,1.00,1.00,1.24,1.24,1.24,1.2,0.97,1.07,1.04856799519327,"31,797",11,"530,000,000",-2.06,107.44,61.04,0.143307086614173,1.0074900553804
null,null,null,null,null,null,null,null,null,null,null,17,Project-G-18,1.00,1.00,1.00,1.00,1.07,1.00,1.03,1.07,0.91,0.85,0.88,0.12,1.00,1.00,1.00,1.17,1.17,1.17,1.16,0.99,1.07,1.06008411776487,"31,797",11,"530,000,000",-0.14,107.44,62.06,0.0960629921259843,1.0398310483192
null,null,null,null,null,null,null,null,null,null,null,18,Project-G-19,1.05,1.05,1.05,1.00,1.07,1.00,1.03,1.07,0.93,0.87,0.90,0.13,1.00,1.00,1.00,1.15,1.15,1.15,1.14,0.99,1.07,1.05617865011015,"31,797",11,"530,000,000",-0.2,107.44,61.72,0.047244094488189,1.0343022797184
null,null,null,null,null,null,null,null,null,null,null,19,Project-G-20,1.09,1.09,1.09,1.00,1.07,1.00,1.04,1.07,0.95,0.88,0.92,0.14,1.00,1.00,1.00,1.13,1.13,1.13,1.12,0.99,1.07,1.04676547166032,"31,797",11,"530,000,000",-0.53,107.44,60.96,0,1.0266649214776
null,null,null,null,null,null,null,null,null,null,null,20,Project-G-21,1.14,1.14,1.14,1.00,1.07,1.00,1.04,1.07,0.99,0.89,0.94,0.16,1.00,1.00,1.00,1.12,1.12,1.12,1.11,0.99,1.07,1.04306028439816,"31,797",11,"530,000,000",-0.78,107.44,60.68,null,1.0536537103268
null,null,null,null,null,null,null,null,null,null,null,null,null,null,null,null,null,null,null,null,null,null,null,null,null,null,null,null,null,null,null,null,null,null,null,null,null,null,null,null,null,null,null
null,null,null,null,null,null,null,null,null,null,null,null,null,null,null,null,null,null,null,null,null,null,null,null,null,null,null,null,null,null,null,null,null,null,null,null,null,null,null,null,null,null,null
null,null,null,null,null,null,null,null,null,null,null,null,null,null,null,null,null,null,null,null,null,null,null,null,null,null,null,null,null,null,null,null,null,null,null,null,null,null,null,null,null,null,null
B,"7,707",2,14,16,1,2001-11-24,2003-10-20,695,"153,500,000",22,1,Project-H-1,0.05,0.05,0.05,0.03,0.01,0.01,0.01,1.00,0.03,0.03,0.03,0.00,0.40,0.40,0.40,0.34,0.34,0.34,0.49,1.47,1,0.99959831291424,"7,707",16,"153,500,000",0.99,99.46,55.37,1.05035971223022,0.902724328154
null,null,null,null,null,null,null,null,null,null,null,2,Project-H-2,0.10,0.10,0.10,0.06,0.07,0.07,0.07,1.00,0.06,0.06,0.06,0.01,1.09,1.09,1.09,1.22,1.22,1.22,1.38,1.14,1,1.00030126531432,"7,707",16,"153,500,000",-0.52,107.94,55.66,1.00575539568345,0.9316629610092
null,null,null,null,null,null,null,null,null,null,null,3,Project-H-3,0.14,0.14,0.14,0.11,0.10,0.10,0.10,1.00,0.09,0.09,0.09,0.01,0.96,0.96,0.96,1.09,1.09,1.09,1.71,1.57,1,1.00311307491464,"7,707",16,"153,500,000",-2.68,107.94,56.06,0.964028776978417,0.9424064857948
null,null,null,null,null,null,null,null,null,null,null,4,Project-H-4,0.18,0.18,0.18,0.14,0.12,0.12,0.12,1.00,0.11,0.11,0.11,0.02,0.80,0.80,0.80,1.04,1.04,1.04,1.44,1.38,1,1.00572404097208,"7,707",16,"153,500,000",-0.55,107.94,56.36,0.920863309352518,0.9475025912548
null,null,null,null,null,null,null,null,null,null,null,5,Project-H-5,0.23,0.23,0.23,0.18,0.12,0.12,0.12,1.00,0.14,0.14,0.14,0.02,0.66,0.66,0.66,0.85,0.85,0.85,1.18,1.38,1,1.010042177144,"7,707",16,"153,500,000",-0.0600000000000001,107.94,56.79,0.876258992805755,0.9884199499832
null,null,null,null,null,null,null,null,null,null,null,6,Project-H-6,0.31,0.31,0.31,0.22,0.22,0.22,0.22,1.00,0.21,0.21,0.21,0.03,1.01,1.01,1.01,1.05,1.05,1.05,0.99,0.95,1,1.02952400080337,"7,707",16,"153,500,000",-0.12,107.94,58.67,0.788489208633094,0.9618123587068
null,null,null,null,null,null,null,null,null,null,null,7,Project-H-7,0.36,0.36,0.36,0.26,0.26,0.26,0.26,1.00,0.24,0.23,0.24,0.04,0.98,0.98,0.98,1.08,1.09,1.08,1.23,1.14,1,1.03042779674633,"7,707",16,"153,500,000",0.68,107.94,58.73,0.745323741007194,0.9355359534528
null,null,null,null,null,null,null,null,null,null,null,8,Project-H-8,0.49,0.49,0.49,0.29,0.37,0.37,0.37,1.00,0.35,0.35,0.35,0.05,1.26,1.26,1.26,1.06,1.06,1.06,1.17,1.11,1,1.01938140188793,"7,707",16,"153,500,000",0.37,107.94,57.76,0.61294964028777,0.933599079204
null,null,null,null,null,null,null,null,null,null,null,9,Project-H-9,0.53,0.53,0.53,0.34,0.37,0.37,0.37,1.00,0.40,0.40,0.40,0.05,1.10,1.10,1.10,0.93,0.93,0.93,1.03,1.11,1,1.02108857200241,"7,707",16,"153,500,000",-0.0899999999999999,107.94,57.97,0.568345323741007,0.9815697148648
null,null,null,null,null,null,null,null,null,null,null,10,Project-H-10,0.58,0.58,0.58,0.38,0.45,0.45,0.45,1.01,0.44,0.43,0.44,0.06,1.18,1.18,1.18,1.03,1.03,1.03,1.22,1.18,1,1.02369953805985,"7,707",16,"153,500,000",0.74,107.94,58.47,0.525179856115108,0.9339250839272
null,null,null,null,null,null,null,null,null,null,null,11,Project-H-11,0.62,0.62,0.62,0.43,0.49,0.49,0.49,1.00,0.48,0.48,0.48,0.06,1.15,1.15,1.15,1.03,1.03,1.03,1.11,1.08,1,1.03394255874674,"7,707",16,"153,500,000",-0.62,107.44,59.47,0.480575539568345,0.9445900538704
null,null,null,null,null,null,null,null,null,null,null,12,Project-H-12,0.66,0.66,0.66,0.47,0.53,0.53,0.53,1.01,0.51,0.51,0.51,0.06,1.15,1.15,1.15,1.05,1.05,1.05,1.11,1.05,1,1.05151636874874,"7,707",16,"153,500,000",-2.06,107.44,61.04,0.438848920863309,0.9372168351248
null,null,null,null,null,null,null,null,null,null,null,13,Project-H-13,0.71,0.71,0.71,0.51,0.58,0.58,0.58,1.01,0.53,0.52,0.53,0.07,1.13,1.13,1.13,1.10,1.10,1.10,1.19,1.08,1.01,1.06306487246435,"7,707",16,"153,500,000",-0.14,107.44,62.06,0.39568345323741,0.9197307393912
null,null,null,null,null,null,null,null,null,null,null,14,Project-H-14,0.75,0.75,0.75,0.54,0.63,0.63,0.63,1.01,0.58,0.58,0.58,0.08,1.16,1.16,1.16,1.09,1.09,1.09,1.15,1.06,1,1.05914842337819,"7,707",16,"153,500,000",-0.2,107.44,61.72,0.351079136690647,0.91815917648
null,null,null,null,null,null,null,null,null,null,null,15,Project-H-15,0.79,0.79,0.79,0.60,0.70,0.70,0.70,1.01,0.63,0.62,0.62,0.09,1.15,1.15,1.15,1.12,1.12,1.12,1.13,1.01,1.01,1.04970877686282,"7,707",16,"153,500,000",-0.53,107.44,60.96,0.307913669064748,0.9297254712372
null,null,null,null,null,null,null,null,null,null,null,16,Project-H-16,0.84,0.84,0.84,0.66,0.76,0.76,0.76,1.01,0.71,0.70,0.70,0.10,1.15,1.15,1.15,1.08,1.08,1.08,1,0.93,1.01,1.04599317131954,"7,707",16,"153,500,000",-0.78,107.44,60.68,0.263309352517986,0.9679683908284
null,null,null,null,null,null,null,null,null,null,null,17,Project-H-17,0.88,0.88,0.88,0.72,0.84,0.83,0.83,1.02,0.76,0.75,0.76,0.11,1.16,1.16,1.16,1.10,1.10,1.10,1,0.9,1.01,1.05392649126331,"7,707",16,"153,500,000",0.13,107.44,61.45,0.220143884892086,0.9684093029472
null,null,null,null,null,null,null,null,null,null,null,18,Project-H-18,0.93,0.93,0.93,0.79,0.87,0.86,0.86,1.02,0.80,0.80,0.80,0.12,1.09,1.09,1.09,1.08,1.08,1.08,0.94,0.87,1.01,1.05894757983531,"7,707",16,"153,500,000",0.04,107.44,61.92,0.175539568345324,0.979710289176
null,null,null,null,null,null,null,null,null,null,null,19,Project-H-19,0.97,0.97,0.97,0.86,0.92,0.91,0.92,1.02,0.84,0.84,0.84,0.13,1.06,1.06,1.06,1.09,1.09,1.09,1.06,0.97,1.01,1.06075517172123,"7,707",16,"153,500,000",0.53,107.44,62.1,0.130935251798561,0.9709312239852
null,null,null,null,null,null,null,null,null,null,null,20,Project-H-20,1.01,1.01,1.01,0.89,0.99,0.97,0.98,1.02,0.87,0.85,0.86,0.14,1.08,1.08,1.08,1.14,1.14,1.14,1.09,0.95,1.02,1.06045390640691,"7,707",16,"153,500,000",1.46,107.44,62.09,0.0877697841726619,0.9532697085592
null,null,null,null,null,null,null,null,null,null,null,21,Project-H-21,1.06,1.06,1.06,0.99,1.01,0.99,1.00,1.02,0.94,0.93,0.94,0.14,1.00,1.00,1.00,1.07,1.07,1.07,1.01,0.95,1.02,1.06748343040771,"7,707",16,"153,500,000",-0.5,107.44,62.65,0.0431654676258993,1.0027319453104
null,null,null,null,null,null,null,null,null,null,null,22,Project-H-22,1.10,1.10,1.10,1.00,1.02,1.00,1.01,1.02,0.94,0.93,0.94,0.14,1.00,1.00,1.00,1.08,1.08,1.08,1.08,1,1.02,1.0902791725246,"7,707",16,"153,500,000",0.54,107.44,64.64,0,0.9744581431468
null,null,null,null,null,null,null,null,null,null,null,null,null,null,null,null,null,null,null,null,null,null,null,null,null,null,null,null,null,null,null,null,null,null,null,null,null,null,null,null,null,null,null
null,null,null,null,null,null,null,null,null,null,null,null,null,null,null,null,null,null,null,null,null,null,null,null,null,null,null,null,null,null,null,null,null,null,null,null,null,null,null,null,null,null,null
null,null,null,null,null,null,null,null,null,null,null,null,null,null,null,null,null,null,null,null,null,null,null,null,null,null,null,null,null,null,null,null,null,null,null,null,null,null,null,null,null,null,null
C,"10,087",3,14,17,1,2002-06-18,2004-07-06,749,"216,000,000",27,1,Project-I-4,0.18,0.18,0.18,0.10,0.10,0.10,0.10,1.00,0.10,0.10,0.10,0.00,1.00,1.00,1.00,1.01,1.01,1.01,0.89,0.88,1,0.990148263753414,"10,087",17,"216,000,000",0.37,107.94,57.76,0.894526034712951,0.9813299214692
null,null,null,null,null,null,null,null,null,null,null,2,Project-I-5,0.22,0.22,0.22,0.10,0.10,0.10,0.10,1.00,0.12,0.12,0.12,0.01,1.00,1.00,1.00,0.88,0.88,0.88,0.78,0.88,1,0.991806476785018,"10,087",17,"216,000,000",-0.0899999999999999,107.94,57.97,0.853137516688919,0.995512118148
null,null,null,null,null,null,null,null,null,null,null,3,Project-I-6,0.26,0.26,0.26,0.21,0.21,0.21,0.21,1.00,0.14,0.14,0.14,0.01,1.00,1.00,1.00,1.53,1.53,1.53,1.48,0.97,1,0.994342567303941,"10,087",17,"216,000,000",0.74,107.94,58.47,0.813084112149533,0.8693555996216
null,null,null,null,null,null,null,null,null,null,null,4,Project-I-7,0.30,0.30,0.30,0.24,0.24,0.24,0.24,1.00,0.17,0.17,0.17,0.02,1.00,1.00,1.00,1.41,1.41,1.41,1.34,0.95,1,1.00429184549356,"10,087",17,"216,000,000",-0.62,107.44,59.47,0.771695594125501,0.8748773647584
null,null,null,null,null,null,null,null,null,null,null,5,Project-I-8,0.34,0.34,0.34,0.28,0.28,0.28,0.28,1.00,0.20,0.20,0.20,0.02,1.00,1.00,1.00,1.37,1.37,1.37,1.13,0.82,1,1.02136168552478,"10,087",17,"216,000,000",-2.06,107.44,61.04,0.732977303070761,0.8854365974996
null,null,null,null,null,null,null,null,null,null,null,6,Project-I-9,0.38,0.38,0.38,0.32,0.32,0.32,0.32,1.00,0.23,0.23,0.23,0.03,1.00,1.00,1.00,1.40,1.40,1.40,1.25,0.9,1,1.03257900897386,"10,087",17,"216,000,000",-0.14,107.44,62.06,0.692923898531375,0.8566259878812
null,null,null,null,null,null,null,null,null,null,null,7,Project-I-10,0.42,0.42,0.42,0.36,0.36,0.36,0.36,1.00,0.26,0.26,0.26,0.04,1.00,1.00,1.00,1.36,1.36,1.36,1.26,0.92,1,1.02877487319547,"10,087",17,"216,000,000",-0.2,107.44,61.72,0.651535380507343,0.8499874015636
null,null,null,null,null,null,null,null,null,null,null,8,Project-I-11,0.46,0.46,0.46,0.38,0.38,0.38,0.38,1.00,0.30,0.30,0.30,0.04,1.00,1.00,1.00,1.26,1.26,1.26,1.22,0.97,1,1.01960593055014,"10,087",17,"216,000,000",-0.53,107.44,60.96,0.611481975967957,0.86877548354
null,null,null,null,null,null,null,null,null,null,null,9,Project-I-12,0.50,0.50,0.50,0.46,0.46,0.46,0.46,1.00,0.35,0.34,0.35,0.06,1.00,1.00,1.00,1.34,1.34,1.34,1.2,0.9,1,1.01599687865782,"10,087",17,"216,000,000",-0.78,107.44,60.68,0.570093457943925,0.8684044387828
null,null,null,null,null,null,null,null,null,null,null,10,Project-I-13,0.54,0.54,0.54,0.50,0.50,0.50,0.50,1.00,0.38,0.38,0.38,0.06,1.00,1.00,1.00,1.34,1.34,1.34,1.18,0.88,1,1.02370269215763,"10,087",17,"216,000,000",0.13,107.44,61.45,0.530040053404539,0.8720091074712
null,null,null,null,null,null,null,null,null,null,null,11,Project-I-14,0.58,0.58,0.58,0.56,0.58,0.58,0.58,1.00,0.40,0.40,0.40,0.07,1.03,1.03,1.03,1.46,1.46,1.46,1.2,0.82,1,1.0285797893094,"10,087",17,"216,000,000",0.04,107.44,61.92,0.488651535380507,0.8392275400156
null,null,null,null,null,null,null,null,null,null,null,12,Project-I-15,0.63,0.63,0.63,0.61,0.60,0.60,0.60,1.00,0.43,0.43,0.43,0.08,0.98,0.98,0.98,1.40,1.40,1.40,1.22,0.87,1,1.03033554428404,"10,087",17,"216,000,000",0.53,107.44,62.1,0.447263017356475,0.8375948227724
null,null,null,null,null,null,null,null,null,null,null,13,Project-I-16,0.67,0.67,0.67,0.67,0.65,0.65,0.65,1.00,0.47,0.47,0.47,0.09,0.97,0.97,0.97,1.38,1.38,1.38,1.2,0.87,1,1.03004291845494,"10,087",17,"216,000,000",1.46,107.44,62.09,0.407209612817089,0.8444046176744
null,null,null,null,null,null,null,null,null,null,null,14,Project-I-17,0.71,0.71,0.71,0.71,0.73,0.72,0.73,1.00,0.50,0.50,0.50,0.09,1.03,1.03,1.03,1.44,1.44,1.44,1.22,0.84,1,1.03687085446742,"10,087",17,"216,000,000",-0.5,107.44,62.65,0.365821094793057,0.8202666051984
null,null,null,null,null,null,null,null,null,null,null,15,Project-I-18,0.75,0.75,0.75,0.79,0.78,0.78,0.78,1.00,0.55,0.55,0.55,0.09,0.98,0.98,0.98,1.40,1.40,1.40,1.18,0.84,1,1.05901287553648,"10,087",17,"216,000,000",0.54,107.44,64.64,0.325767690253672,0.8338789618352
null,null,null,null,null,null,null,null,null,null,null,16,Project-I-19,0.79,0.79,0.79,0.85,0.83,0.83,0.83,1.00,0.58,0.57,0.57,0.09,0.98,0.98,0.98,1.45,1.45,1.45,1.22,0.84,1,1.09305501365587,"10,087",17,"216,000,000",-1.3,108.95,67.71,0.28437917222964,0.8070119620312
null,null,null,null,null,null,null,null,null,null,null,17,Project-I-20,0.83,0.83,0.83,0.89,0.87,0.87,0.87,1.00,0.61,0.60,0.61,0.10,0.98,0.98,0.98,1.44,1.44,1.44,1.21,0.84,1,1.15216543113539,"10,087",17,"216,000,000",-0.61,108.95,72.91,0.2456608811749,0.8027879617856
null,null,null,null,null,null,null,null,null,null,null,18,Project-I-21,0.87,0.87,0.87,0.91,0.93,0.93,0.93,1.00,0.61,0.61,0.61,0.11,1.02,1.02,1.02,1.51,1.51,1.51,1.25,0.83,1,1.18737807257121,"10,087",17,"216,000,000",-0.37,108.95,75.73,0.204272363150868,0.7627282874364
null,null,null,null,null,null,null,null,null,null,null,19,Project-I-22,0.91,0.91,0.91,0.93,0.93,0.93,0.93,1.00,0.63,0.63,0.63,0.12,1.00,1.00,1.00,1.48,1.48,1.48,1.22,0.82,1,1.17791650409676,"10,087",17,"216,000,000",0.11,108.95,74.84,0.162883845126836,0.7585490553032
null,null,null,null,null,null,null,null,null,null,null,20,Project-I-23,0.95,0.95,0.95,0.93,0.93,0.93,0.93,1.00,0.64,0.64,0.64,0.14,0.99,1.00,1.00,1.44,1.45,1.44,1.24,0.86,1,1.16962543893874,"10,087",17,"216,000,000",1.2,108.95,74.06,0.12283044058745,0.7536544684376
null,null,null,null,null,null,null,null,null,null,null,21,Project-I-24,0.99,0.99,0.99,0.98,0.97,0.97,0.97,1.00,0.66,0.66,0.66,0.14,0.99,0.99,0.99,1.48,1.48,1.48,1.22,0.82,1,1.16143191572376,"10,087",17,"216,000,000",0.15,108.95,73.27,0.0814419225634179,0.7276941826736
null,null,null,null,null,null,null,null,null,null,null,22,Project-I-25,1.03,1.03,1.03,1.00,0.99,0.99,0.99,1.00,0.67,0.67,0.67,0.15,0.99,0.99,0.99,1.48,1.48,1.48,1.22,0.82,1,1.18357393679282,"10,087",17,"216,000,000",1.2,108.95,74.96,0.041388518024032,0.71170307619
null,null,null,null,null,null,null,null,null,null,null,23,Project-I-26,1.07,1.07,1.07,1.00,1.00,1.00,1.00,1.00,0.68,0.68,0.68,0.16,1.00,1.00,1.00,1.47,1.47,1.47,1.19,0.81,1,1.19713226687476,"10,087",17,"216,000,000",1.64,108.95,76.15,0,0.70302858169528
null,null,null,null,null,null,null,null,null,null,null,24,Project-I-27,1.11,1.11,1.11,1.00,1.00,1.00,1.00,1.00,0.69,0.69,0.69,0.18,1.00,1.00,1.00,1.45,1.45,1.45,1.18,0.82,1,1.19576667967226,"10,087",17,"216,000,000",-0.78,108.95,76.03,null,0.68960281206696
null,null,null,null,null,null,null,null,null,null,null,25,Project-I-28,1.15,1.15,1.15,1.00,0.87,1.00,0.93,0.87,0.69,0.80,0.75,0.19,1.00,1.00,1.00,1.25,1.25,1.25,1.18,0.94,0.87,1.20396020288724,"10,087",17,"216,000,000",1.56,108.95,76.75,null,0.70313067476736
null,null,null,null,null,null,null,null,null,null,null,26,Project-I-29,1.20,1.20,1.20,1.00,0.82,1.00,0.91,0.87,0.69,0.80,0.75,0.19,0.95,1.00,0.98,1.18,1.25,1.22,1.25,1.06,0.87,1.19547405384315,"10,087",17,"216,000,000",0.0800000000000001,108.95,75.98,null,0.715988632846
null,null,null,null,null,null,null,null,null,null,null,27,Project-I-30,1.24,1.24,1.24,1.00,0.87,1.00,0.93,0.87,0.73,0.85,0.79,0.19,1.00,1.00,1.00,1.18,1.18,1.18,1.18,1,0.87,1.18864611783067,"10,087",17,"216,000,000",1.51,108.95,75.2,null,0.74315887847892
null,null,null,null,null,null,null,null,null,null,null,null,null,null,null,null,null,null,null,null,null,null,null,null,null,null,null,null,null,null,null,null,null,null,null,null,null,null,null,null,null,null,null
null,null,null,null,null,null,null,null,null,null,null,null,null,null,null,null,null,null,null,null,null,null,null,null,null,null,null,null,null,null,null,null,null,null,null,null,null,null,null,null,null,null,null
null,null,null,null,null,null,null,null,null,null,null,null,null,null,null,null,null,null,null,null,null,null,null,null,null,null,null,null,null,null,null,null,null,null,null,null,null,null,null,null,null,null,null
D,"3,479",1,10,11,1,2003-06-02,2004-09-30,486,"85,714,286",18,1,Project-J-2,0.11,0.11,0.11,0.05,0.05,0.05,0.05,1.00,- 0,- 0,- 0,0.01,1.00,1.00,1.00,1.00,ERROR:#DIV/0!,- 0,1,0,1,1.00758448540707,"3,479",11,"85,714,286",0.13,107.44,61.45,0.957564575645756,0.901635103556
null,null,null,null,null,null,null,null,null,null,null,2,Project-J-3,0.16,0.16,0.16,0.12,0.12,0.12,0.12,1.00,0.05,0.05,0.05,0.02,1.01,1.01,1.01,2.33,2.33,2.33,1,0,1,1.01238479262673,"3,479",11,"85,714,286",0.04,107.44,61.92,0.900369003690037,0.8993594205452
null,null,null,null,null,null,null,null,null,null,null,3,Project-J-4,0.22,0.22,0.22,0.20,0.20,0.20,0.20,1.00,0.09,0.09,0.09,0.04,1.00,1.00,1.00,2.18,2.18,2.18,1.32,0.61,1,1.01411290322581,"3,479",11,"85,714,286",0.53,107.44,62.1,0.843173431734317,0.8328860996296
null,null,null,null,null,null,null,null,null,null,null,4,Project-J-5,0.28,0.28,0.28,0.26,0.26,0.26,0.26,1.00,0.16,0.16,0.16,0.04,1.00,1.00,1.00,1.60,1.60,1.60,1.23,0.77,1,1.01382488479263,"3,479",11,"85,714,286",1.46,107.44,62.09,0.787822878228782,0.852135794316
null,null,null,null,null,null,null,null,null,null,null,5,Project-J-6,0.33,0.33,0.33,0.30,0.29,0.29,0.29,1.00,0.21,0.21,0.21,0.04,0.98,0.98,0.98,1.36,1.36,1.36,0.94,0.69,1,1.02054531490015,"3,479",11,"85,714,286",-0.5,107.44,62.65,0.730627306273063,0.8898041854772
null,null,null,null,null,null,null,null,null,null,null,6,Project-J-7,0.39,0.39,0.39,0.34,0.33,0.33,0.33,1.00,0.25,0.25,0.25,0.04,0.98,0.98,0.98,1.32,1.32,1.32,0.79,0.6,1,1.04233870967742,"3,479",11,"85,714,286",0.54,107.44,64.64,0.675276752767528,0.8868730960716
null,null,null,null,null,null,null,null,null,null,null,7,Project-J-8,0.45,0.45,0.45,0.39,0.36,0.36,0.36,1.00,0.28,0.28,0.28,0.05,0.95,0.95,0.95,1.32,1.31,1.32,1.05,0.8,1,1.07584485407066,"3,479",11,"85,714,286",-1.3,108.95,67.71,0.618081180811808,0.8709666180204
null,null,null,null,null,null,null,null,null,null,null,8,Project-J-9,0.50,0.50,0.50,0.46,0.44,0.44,0.44,1.00,0.28,0.29,0.28,0.07,0.95,0.95,0.95,1.54,1.53,1.53,1.13,0.73,1,1.13402457757296,"3,479",11,"85,714,286",-0.61,108.95,72.91,0.564575645756458,0.821514200506
null,null,null,null,null,null,null,null,null,null,null,9,Project-J-10,0.56,0.56,0.56,0.56,0.50,0.50,0.50,1.00,0.32,0.33,0.32,0.08,0.89,0.89,0.89,1.55,1.54,1.54,0.99,0.64,1,1.16868279569892,"3,479",11,"85,714,286",-0.37,108.95,75.73,0.507380073800738,0.8205473103716
null,null,null,null,null,null,null,null,null,null,null,10,Project-J-11,0.61,0.61,0.61,0.66,0.58,0.58,0.58,1.00,0.37,0.37,0.37,0.09,0.88,0.88,0.88,1.57,1.55,1.56,0.86,0.55,1,1.15937019969278,"3,479",11,"85,714,286",0.11,108.95,74.84,0.450184501845018,0.80916832423
null,null,null,null,null,null,null,null,null,null,null,11,Project-J-12,0.67,0.67,0.67,0.80,0.68,0.68,0.68,1.00,0.45,0.45,0.45,0.11,0.85,0.85,0.85,1.51,1.50,1.50,1.17,0.77,1,1.15120967741935,"3,479",11,"85,714,286",1.2,108.95,74.06,0.394833948339483,0.808885907294
null,null,null,null,null,null,null,null,null,null,null,12,Project-J-13,0.73,0.73,0.73,0.84,0.74,0.74,0.74,1.00,0.51,0.51,0.51,0.12,0.88,0.88,0.88,1.46,1.45,1.46,1.04,0.71,1,1.14314516129032,"3,479",11,"85,714,286",0.15,108.95,73.27,0.337638376383764,0.8195434003308
null,null,null,null,null,null,null,null,null,null,null,13,Project-J-14,0.78,0.78,0.78,0.88,0.84,0.84,0.84,1.00,0.55,0.56,0.56,0.13,0.95,0.95,0.95,1.51,1.50,1.50,1.12,0.74,1,1.16493855606759,"3,479",11,"85,714,286",1.2,108.95,74.96,0.282287822878229,0.796447745072
null,null,null,null,null,null,null,null,null,null,null,14,Project-J-15,0.84,0.84,0.84,0.91,0.89,0.89,0.89,1.00,0.61,0.62,0.61,0.15,0.98,0.98,0.98,1.45,1.44,1.45,1.01,0.7,1,1.17828341013825,"3,479",11,"85,714,286",1.64,108.95,76.15,0.225092250922509,0.8086097517488
null,null,null,null,null,null,null,null,null,null,null,15,Project-J-16,0.90,0.90,0.90,0.95,0.94,0.94,0.94,1.00,0.64,0.65,0.65,0.17,0.98,0.98,0.98,1.45,1.44,1.45,1.16,0.8,1,1.17693932411674,"3,479",11,"85,714,286",-0.78,108.95,76.03,0.16789667896679,0.7854182786832
null,null,null,null,null,null,null,null,null,null,null,16,Project-J-17,0.95,0.95,0.95,0.98,0.96,0.96,0.96,1.00,0.71,0.71,0.71,0.18,0.99,0.99,0.99,1.37,1.36,1.36,1.06,0.78,1,1.18500384024578,"3,479",11,"85,714,286",1.56,108.95,76.75,0.112546125461255,0.8141886244936
null,null,null,null,null,null,null,null,null,null,null,17,Project-J-18,1.01,1.01,1.01,1.00,0.99,0.99,0.99,1.00,0.75,0.75,0.75,0.18,0.99,0.99,0.99,1.32,1.31,1.32,1.08,0.82,1,1.17665130568356,"3,479",11,"85,714,286",0.0800000000000001,108.95,75.98,0.0553505535055351,0.8179636231956
null,null,null,null,null,null,null,null,null,null,null,18,Project-J-19,1.06,1.06,1.06,1.00,1.00,1.00,1.00,1.00,0.87,0.88,0.88,0.19,1.00,1.00,1.00,1.14,1.14,1.14,1.01,0.88,1,1.16993087557604,"3,479",11,"85,714,286",1.51,108.95,75.2,0,0.9125522701696
null,null,null,null,null,null,null,null,null,null,null,null,null,null,null,null,null,null,null,null,null,null,null,null,null,null,null,null,null,null,null,null,null,null,null,null,null,null,null,null,null,null,null
null,null,null,null,null,null,null,null,null,null,null,null,null,null,null,null,null,null,null,null,null,null,null,null,null,null,null,null,null,null,null,null,null,null,null,null,null,null,null,null,null,null,null
null,null,null,null,null,null,null,null,null,null,null,null,null,null,null,null,null,null,null,null,null,null,null,null,null,null,null,null,null,null,null,null,null,null,null,null,null,null,null,null,null,null,null
E,"12,622",2,9,11,1,2003-12-01,2005-08-22,630,"289,992,000",29,1,Project-A-1,0.04,0.04,0.04,- 0,- 0,null,- 0,1.00,- 0,null,- 0,0.00657894736842105,1.00,null,1.00,1.00,null,1.00,1,1,1,1,"12,622",11,"289,992,000",0.54,107.44,64.64,1.00263157894737,0.880672733894
null,null,null,null,null,null,null,null,null,null,null,2,Project-A-2,0.08,0.08,0.08,0.05,0.04,0.04,0.04,1.00,0.02,0.02,0.02,0.0157894736842105,0.69,0.69,0.69,2.01,2.01,2.01,1,1,1,1.03214515980473,"12,622",11,"289,992,000",-1.3,108.95,67.71,0.961842105263158,0.9033674301232
null,null,null,null,null,null,null,null,null,null,null,3,Project-A-3,0.12,0.12,0.12,0.09,0.08,0.08,0.08,1.00,0.03,0.03,0.03,0.0263157894736842,0.89,0.89,0.89,2.24,2.24,2.24,1.67,0.75,1,1.08796168370636,"12,622",11,"289,992,000",-0.61,108.95,72.91,0.923684210526316,0.8894512067576
null,null,null,null,null,null,null,null,null,null,null,4,Project-A-4,0.16,0.16,0.16,0.10,0.10,0.10,0.10,1.00,0.05,0.05,0.05,0.0342105263157895,0.99,0.99,0.99,2.05,2.05,2.05,1.33,0.65,1,1.12121212121212,"12,622",11,"289,992,000",-0.37,108.95,75.73,0.882894736842105,0.8946389477108
null,null,null,null,null,null,null,null,null,null,null,5,Project-A-5,0.20,0.20,0.20,0.12,0.11,0.11,0.11,1.00,0.09,0.09,0.09,0.0473684210526316,0.99,0.99,0.99,1.27,1.27,1.27,0.73,0.57,1,1.11227779312886,"12,622",11,"289,992,000",0.11,108.95,74.84,0.842105263157895,0.9563048836364
null,null,null,null,null,null,null,null,null,null,null,6,Project-A-6,0.24,0.24,0.24,0.12,0.12,0.12,0.12,1.00,0.12,0.12,0.12,0.0513157894736842,1.00,1.00,1.00,1.02,1.02,1.02,1.07,1.05,1,1.10444874274662,"12,622",11,"289,992,000",1.2,108.95,74.06,0.802631578947368,0.97351364516
null,null,null,null,null,null,null,null,null,null,null,7,Project-A-7,0.28,0.28,0.28,0.14,0.14,0.14,0.14,1.00,0.14,0.14,0.14,0.0592105263157895,0.99,0.99,0.99,1.00,1.00,1.00,1.06,1.06,1,1.09671179883946,"12,622",11,"289,992,000",0.15,108.95,73.27,0.761842105263158,0.975502301284
null,null,null,null,null,null,null,null,null,null,null,8,Project-A-8,0.32,0.32,0.32,0.15,0.15,0.15,0.15,1.00,0.15,0.15,0.15,0.0736842105263158,1.00,1.00,1.00,1.04,1.04,1.04,1.14,1.09,1,1.1176199686838,"12,622",11,"289,992,000",1.2,108.95,74.96,0.722368421052632,0.9633976051456
null,null,null,null,null,null,null,null,null,null,null,9,Project-A-9,0.36,0.36,0.36,0.16,0.17,0.17,0.17,1.00,0.18,0.18,0.18,0.0907894736842105,1.02,1.02,1.02,0.92,0.92,0.92,0.91,0.99,1,1.13042276872064,"12,622",11,"289,992,000",1.64,108.95,76.15,0.681578947368421,0.9928121636472
null,null,null,null,null,null,null,null,null,null,null,10,Project-A-10,0.40,0.40,0.40,0.16,0.17,0.17,0.17,1.00,0.23,0.23,0.23,0.0960526315789474,1.02,1.02,1.02,0.73,0.73,0.73,0.68,0.93,1,1.12913327806945,"12,622",11,"289,992,000",-0.78,108.95,76.03,0.640789473684211,1.0357449143752
null,null,null,null,null,null,null,null,null,null,null,11,Project-A-11,0.44,0.44,0.44,0.25,0.23,0.23,0.23,1.00,0.27,0.27,0.27,0.0973684210526316,0.93,0.93,0.93,0.86,0.86,0.86,0.64,0.75,1,1.13687022197661,"12,622",11,"289,992,000",1.56,108.95,76.75,0.601315789473684,1.0100357342992
null,null,null,null,null,null,null,null,null,null,null,12,Project-A-12,0.48,0.48,0.48,0.30,0.30,0.30,0.30,1.00,0.32,0.32,0.32,0.101315789473684,1.02,1.02,1.02,0.95,0.95,0.95,0.71,0.75,1,1.12885695864419,"12,622",11,"289,992,000",0.0800000000000001,108.95,75.98,0.560526315789474,0.9846485923752
null,null,null,null,null,null,null,null,null,null,null,13,Project-A-13,0.52,0.52,0.52,0.35,0.33,0.33,0.33,1.00,0.37,0.37,0.37,0.106578947368421,0.94,0.94,0.94,0.88,0.88,0.88,0.69,0.78,1,1.12240950538823,"12,622",11,"289,992,000",1.51,108.95,75.2,0.521052631578947,1.0097488962516
null,null,null,null,null,null,null,null,null,null,null,14,Project-A-14,0.56,0.56,0.56,0.41,0.39,0.39,0.39,1.00,0.40,0.40,0.40,0.121052631578947,0.95,0.95,0.95,0.97,0.97,0.97,0.74,0.77,1,1.11688311688312,"12,622",11,"289,992,000",-0.22,102,74.6,0.480263157894737,0.9532249613904
null,null,null,null,null,null,null,null,null,null,null,15,Project-A-15,0.60,0.60,0.60,0.45,0.43,0.43,0.43,1.00,0.42,0.42,0.42,0.121052631578947,0.95,0.95,0.95,1.02,1.02,1.02,0.81,0.79,1,1.12415952841485,"12,622",11,"289,992,000",-1.61,102,75.24,0.442105263157895,0.9313537106528
null,null,null,null,null,null,null,null,null,null,null,16,Project-A-16,0.68,0.68,0.68,0.61,0.57,0.57,0.57,1.00,0.47,0.47,0.47,0.126315789473684,0.94,0.94,0.94,1.20,1.20,1.20,0.84,0.7,1,1.12802800036843,"12,622",11,"289,992,000",-0.19,102,75.5,0.361842105263158,0.8880841442932
null,null,null,null,null,null,null,null,null,null,null,17,Project-A-17,0.72,0.72,0.72,0.70,0.67,0.67,0.67,1.00,0.53,0.53,0.53,0.140789473684211,0.95,0.95,0.95,1.26,1.26,1.26,0.86,0.68,1,1.11890945933499,"12,622",11,"289,992,000",0.15,102,75.37,0.322368421052632,0.884821641294
null,null,null,null,null,null,null,null,null,null,null,18,Project-A-18,0.76,0.76,0.76,0.79,0.76,0.76,0.76,1.00,0.63,0.63,0.63,0.152631578947368,0.96,0.96,0.96,1.21,1.21,1.21,0.87,0.72,1,1.10619876577323,"12,622",11,"289,992,000",0.67,102,74.47,0.281578947368421,0.9249517437936
null,null,null,null,null,null,null,null,null,null,null,19,Project-A-19,0.80,0.80,0.80,0.89,0.86,0.86,0.86,1.00,0.71,0.71,0.71,0.164473684210526,0.97,0.97,0.97,1.20,1.20,1.20,0.88,0.73,1,1.10527770102238,"12,622",11,"289,992,000",0.26,102,73.27,0.242105263157895,0.948575315178
null,null,null,null,null,null,null,null,null,null,null,20,Project-A-20,0.84,0.84,0.84,0.98,0.97,0.97,0.97,1.00,0.84,0.84,0.84,0.178947368421053,0.99,0.99,0.99,1.16,1.16,1.16,0.97,0.83,1,1.10933038592613,"12,622",11,"289,992,000",1.31,102,73.17,0.201315789473684,1.0020184017116
null,null,null,null,null,null,null,null,null,null,null,21,Project-A-21,0.88,0.88,0.88,0.99,0.98,0.98,0.98,1.00,0.92,0.92,0.92,0.188157894736842,0.99,0.99,0.99,1.07,1.07,1.07,0.88,0.82,1,1.11780418163397,"12,622",11,"289,992,000",1.34,102,73.55,0.160526315789474,1.0647742104908
null,null,null,null,null,null,null,null,null,null,null,22,Project-A-22,0.92,0.92,0.92,1.00,0.99,0.99,0.99,1.00,0.94,0.94,0.94,0.194736842105263,0.99,0.99,0.99,1.05,1.05,1.05,0.95,0.91,1,1.11909367228516,"12,622",11,"289,992,000",-0.32,102,74.34,0.121052631578947,1.0615286419388
null,null,null,null,null,null,null,null,null,null,null,23,Project-A-23,0.96,0.96,0.96,1.00,1.00,0.99,1.00,1.01,0.97,0.96,0.96,0.197368421052632,0.99,0.99,0.99,1.03,1.03,1.03,0.92,0.89,1.01,1.11586994565718,"12,622",11,"289,992,000",0.0299999999999998,102,74.34,0.0802631578947368,1.0750764816428
null,null,null,null,null,null,null,null,null,null,null,24,Project-A-24,1.00,1.00,1.00,1.00,1.00,0.99,1.00,1.01,0.99,0.97,0.98,0.202631578947368,0.99,0.99,0.99,1.01,1.01,1.01,0.91,0.89,1.01,1.11623837155752,"12,622",11,"289,992,000",0.38,102,73.98,0.0407894736842105,1.0728728460268
null,null,null,null,null,null,null,null,null,null,null,25,Project-A-25,1.04,1.04,1.04,1.00,1.01,1.00,1.01,1.01,1.00,0.99,1.00,0.206578947368421,1.00,1.00,1.00,1.01,1.01,1.01,1.01,1,1.01,1.1207515888367,"12,622",11,"289,992,000",0.78,100,73.97,0,1.057741466224
null,null,null,null,null,null,null,null,null,null,null,26,Project-A-26,1.08,1.08,1.08,1.00,1.01,1.00,1.01,1.01,1.00,0.99,1.00,0.211842105263158,1.00,1.00,1.00,1.01,1.01,1.01,1.01,1,1.01,1.12637008381689,"12,622",11,"289,992,000",-0.51,100,74.37,null,1.0398868239748
null,null,null,null,null,null,null,null,null,null,null,27,Project-A-27,1.12,1.12,1.12,1.00,1.01,1.00,1.01,1.01,1.01,0.99,1.00,0.222368421052632,1.00,1.00,1.00,1.01,1.01,1.01,1.01,1,1.01,1.13908077737865,"12,622",11,"289,992,000",-1.61,100,74.88,null,1.02190986706996
null,null,null,null,null,null,null,null,null,null,null,28,Project-A-28,1.16,1.16,1.16,1.00,1.01,1.00,1.01,1.01,1.04,1.03,1.03,0.234210526315789,1.00,1.00,1.00,0.97,0.97,0.97,0.97,1,1.01,1.16081790549876,"12,622",11,"289,992,000",0.89,100,75.99,null,1.04954869212036
null,null,null,null,null,null,null,null,null,null,null,29,Project-A-29,1.20,1.20,1.20,1.00,1.01,1.00,1.01,1.01,1.09,1.06,1.07,0.246052631578947,1.00,1.00,1.00,0.93,0.95,0.94,0.93,1,1.01,1.19618679193147,"12,622",11,"289,992,000",-0.77,100,78.02,null,1.09684231633548
null,null,null,null,null,null,null,null,null,null,null,null,null,null,null,null,null,null,null,null,null,null,null,null,null,null,null,null,null,null,null,null,null,null,null,null,null,null,null,null,null,null,null
null,null,null,null,null,null,null,null,null,null,null,null,null,null,null,null,null,null,null,null,null,null,null,null,null,null,null,null,null,null,null,null,null,null,null,null,null,null,null,null,null,null,null
null,null,null,null,null,null,null,null,null,null,null,null,null,null,null,null,null,null,null,null,null,null,null,null,null,null,null,null,null,null,null,null,null,null,null,null,null,null,null,null,null,null,null
F,"4,919",3,11,14,1,2003-12-13,2005-11-10,698,"149,300,000",24,1,Project-B-1,0.02,0.02,0.02,null,- 0,null,- 0,1.00,- 0,null,- 0,0,1.00,null,1.00,1.00,null,1.00,1,1,1,1,"4,919",14,"149,300,000",0.54,107.44,64.64,0.959885386819484,0.8792831105084
null,null,null,null,null,null,null,null,null,null,null,2,Project-B-2,0.07,0.07,0.07,null,- 0,null,- 0,1.00,0.03,0.03,0.03,0.00716332378223496,1.00,null,1.00,1.00,- 0,0.50,1.16,1,1,1.03214515980473,"4,919",14,"149,300,000",-1.3,108.95,67.71,0.915472779369627,0.8978518840484
null,null,null,null,null,null,null,null,null,null,null,3,Project-B-3,0.11,0.11,0.11,0.11,0.11,0.11,0.11,1.00,0.06,0.06,0.06,0.0171919770773639,1.00,1.00,1.00,1.76,1.76,1.76,1.77,1,1,1.08796168370636,"4,919",14,"149,300,000",-0.61,108.95,72.91,0.873925501432665,0.896246211072
null,null,null,null,null,null,null,null,null,null,null,4,Project-B-4,0.15,0.15,0.15,0.13,0.13,0.13,0.13,1.00,0.10,0.10,0.10,0.0286532951289398,1.00,1.00,1.00,1.31,1.31,1.31,1.31,1,1,1.12121212121212,"4,919",14,"149,300,000",-0.37,108.95,75.73,0.829512893982808,0.9253036778828
null,null,null,null,null,null,null,null,null,null,null,5,Project-B-5,0.20,0.20,0.20,0.15,0.15,0.15,0.15,1.00,0.13,0.13,0.13,0.0372492836676218,1.00,1.00,1.00,1.18,1.18,1.18,1.01,0.86,1,1.11227779312886,"4,919",14,"149,300,000",0.11,108.95,74.84,0.785100286532951,0.9536916297576
null,null,null,null,null,null,null,null,null,null,null,6,Project-B-6,0.24,0.24,0.24,0.16,0.16,0.16,0.16,1.00,0.14,0.14,0.14,0.0515759312320917,1.00,1.00,1.00,1.14,1.14,1.14,0.88,0.77,1,1.10444874274662,"4,919",14,"149,300,000",1.2,108.95,74.06,0.742120343839542,0.9578930313032
null,null,null,null,null,null,null,null,null,null,null,7,Project-B-7,0.29,0.29,0.29,0.16,0.16,0.16,0.16,1.00,0.17,0.17,0.17,0.0558739255014327,1.00,1.00,1.00,0.99,0.99,0.99,1.35,1.36,1,1.09671179883946,"4,919",14,"149,300,000",0.15,108.95,73.27,0.697707736389685,0.953092942798
null,null,null,null,null,null,null,null,null,null,null,8,Project-B-8,0.33,0.33,0.33,0.19,0.19,0.19,0.19,1.00,0.19,0.19,0.19,0.0644699140401146,1.00,1.00,1.00,0.97,0.97,0.97,1.15,1.19,1,1.1176199686838,"4,919",14,"149,300,000",1.2,108.95,74.96,0.654727793696275,0.972696950178
null,null,null,null,null,null,null,null,null,null,null,9,Project-B-9,0.37,0.37,0.37,0.26,0.26,0.26,0.26,1.00,0.22,0.22,0.22,0.0802292263610315,1.00,1.00,1.00,1.19,1.19,1.19,1.36,1.15,1,1.13042276872064,"4,919",14,"149,300,000",1.64,108.95,76.15,0.610315186246418,0.9033602703216
null,null,null,null,null,null,null,null,null,null,null,10,Project-B-10,0.42,0.42,0.42,0.30,0.30,0.30,0.30,1.00,0.25,0.25,0.25,0.0988538681948424,1.00,1.00,1.00,1.20,1.20,1.20,1.36,1.13,1,1.12913327806945,"4,919",14,"149,300,000",-0.78,108.95,76.03,0.565902578796562,0.8913739613488
null,null,null,null,null,null,null,null,null,null,null,11,Project-B-11,0.46,0.46,0.46,0.32,0.30,0.32,0.31,1.00,0.29,0.29,0.29,0.10458452722063,1.00,1.00,1.00,1.02,1.10,1.06,1.31,1.29,1,1.13687022197661,"4,919",14,"149,300,000",1.56,108.95,76.75,0.522922636103152,0.940918215516
null,null,null,null,null,null,null,null,null,null,null,12,Project-B-12,0.51,0.51,0.51,0.34,0.33,0.33,0.33,1.00,0.33,0.33,0.33,0.106017191977077,0.98,0.98,0.98,1.02,1.02,1.02,1.18,1.16,1,1.12885695864419,"4,919",14,"149,300,000",0.0800000000000001,108.95,75.98,0.478510028653295,0.949510727142
null,null,null,null,null,null,null,null,null,null,null,13,Project-B-13,0.55,0.55,0.55,0.37,0.37,0.37,0.37,1.00,0.36,0.36,0.36,0.110315186246418,1.00,1.00,1.00,1.02,1.02,1.02,1.25,1.23,1,1.12240950538823,"4,919",14,"149,300,000",1.51,108.95,75.2,0.435530085959885,0.9245875631384
null,null,null,null,null,null,null,null,null,null,null,14,Project-B-14,0.59,0.59,0.59,0.41,0.41,0.41,0.41,1.01,0.41,0.40,0.40,0.116045845272206,1.01,1.01,1.01,1.02,1.02,1.02,1.12,1.09,1.01,1.11688311688312,"4,919",14,"149,300,000",-0.22,102,74.6,0.391117478510029,0.928262141462
null,null,null,null,null,null,null,null,null,null,null,15,Project-B-15,0.63,0.63,0.63,0.45,0.45,0.44,0.45,1.01,0.44,0.43,0.44,0.131805157593123,1.00,1.00,1.00,1.02,1.02,1.02,1.04,1.01,1.01,1.12415952841485,"4,919",14,"149,300,000",-1.61,102,75.24,0.349570200573066,0.9291476252892
null,null,null,null,null,null,null,null,null,null,null,16,null,null,0.68,0.68,0.56,0.56,0.55,0.56,1.01,0.55,0.54,0.54,0.137535816618911,0.99,0.99,0.99,1.02,1.02,1.02,1.11,1.09,1.01,1.12802800036843,"4,919",14,"149,300,000",-0.19,102,75.5,0.306590257879656,0.9452435438564
null,null,null,null,null,null,null,null,null,null,null,17,Project-B-16,0.72,0.72,0.72,0.63,0.63,0.62,0.63,1.01,0.62,0.61,0.61,0.153295128939828,0.99,0.99,0.99,1.02,1.02,1.02,1.06,1.04,1.01,1.11890945933499,"4,919",14,"149,300,000",0.15,102,75.37,0.262177650429799,0.9662338501412
null,null,null,null,null,null,null,null,null,null,null,18,Project-B-17,0.77,0.77,0.77,0.73,0.68,0.67,0.67,1.01,0.66,0.66,0.66,0.166189111747851,0.92,0.92,0.92,1.02,1.02,1.02,1.02,1,1.01,1.10619876577323,"4,919",14,"149,300,000",0.67,102,74.47,0.21919770773639,0.971545352236
null,null,null,null,null,null,null,null,null,null,null,19,Project-B-18,0.81,0.81,0.81,0.82,0.82,0.82,0.82,1.01,0.72,0.72,0.72,0.179083094555874,1.00,1.00,1.00,1.14,1.14,1.14,1.08,0.95,1.01,1.10527770102238,"4,919",14,"149,300,000",0.26,102,73.27,0.174785100286533,0.9516977272912
null,null,null,null,null,null,null,null,null,null,null,20,Project-B-19,0.85,0.85,0.85,0.91,0.92,0.91,0.92,1.01,0.79,0.78,0.78,0.194842406876791,1.00,1.00,1.00,1.17,1.17,1.17,1.13,0.96,1.01,1.10933038592613,"4,919",14,"149,300,000",1.31,102,73.17,0.131805157593123,0.947564375392
null,null,null,null,null,null,null,null,null,null,null,21,Project-B-20,0.90,0.90,0.90,0.94,0.94,0.94,0.94,1.01,0.80,0.79,0.79,0.20487106017192,1.00,1.00,1.00,1.19,1.19,1.19,1.23,1.03,1.01,1.11780418163397,"4,919",14,"149,300,000",1.34,102,73.55,0.0873925501432665,0.9172275135288
null,null,null,null,null,null,null,null,null,null,null,22,Project-B-21,0.94,0.94,0.94,0.99,0.99,0.99,0.99,1.00,0.82,0.81,0.81,0.212034383954155,1.00,1.00,1.00,1.21,1.21,1.21,1.2,0.99,1,1.11909367228516,"4,919",14,"149,300,000",-0.32,102,74.34,0.0429799426934097,0.8885190613696
null,null,null,null,null,null,null,null,null,null,null,23,Project-B-22,0.98,0.98,0.98,1.00,1.00,1.00,1.00,1.00,0.84,0.84,0.84,0.214899713467049,1.00,1.00,1.00,1.19,1.19,1.19,1.18,1,1,1.11586994565718,"4,919",14,"149,300,000",0.0299999999999998,102,74.34,0,0.8908769816172
null,null,null,null,null,null,null,null,null,null,null,24,Project-B-23,1.03,1.03,1.03,1.00,1.00,1.00,1.00,1.00,0.91,0.91,0.91,0.220630372492837,1.00,1.00,1.00,1.10,1.10,1.10,1.1,1,1,1.11623837155752,"4,919",14,"149,300,000",0.38,102,73.98,null,0.9426807143968
null,null,null,null,null,null,null,null,null,null,null,null,null,null,null,null,null,null,null,null,null,null,null,null,null,null,null,null,null,null,null,null,null,null,null,null,null,null,null,null,null,null,null
null,null,null,null,null,null,null,null,null,null,null,null,null,null,null,null,null,null,null,null,null,null,null,null,null,null,null,null,null,null,null,null,null,null,null,null,null,null,null,null,null,null,null
null,null,null,null,null,null,null,null,null,null,null,null,null,null,null,null,null,null,null,null,null,null,null,null,null,null,null,null,null,null,null,null,null,null,null,null,null,null,null,null,null,null,null
G,"4,774",2,11,13,1,2004-02-21,2006-02-20,730,"145,377,589",27,1,Project-L-3,0.12,0.12,0.12,0.06,0.06,0.06,0.06,1.00,0.03,0.03,0.03,0.01,1.00,0.94,0.97,1.82,1.82,1.82,0,0,1,1.015154080596,"4,774",13,"145,377,589",1.2,108.95,74.06,0.929181929181929,0.9048445693288
null,null,null,null,null,null,null,null,null,null,null,2,Project-L-4,0.16,0.16,0.16,0.12,0.13,0.13,0.13,1.00,0.07,0.07,0.07,0.02,1.00,1.05,1.02,1.90,1.90,1.90,1.82,0.96,1,1.00804266847274,"4,774",13,"145,377,589",0.15,108.95,73.27,0.891330891330891,0.881209723476
null,null,null,null,null,null,null,null,null,null,null,3,Project-L-5,0.20,0.20,0.20,0.15,0.15,0.15,0.15,1.00,0.13,0.13,0.13,0.02,1.00,1.01,1.01,1.21,1.21,1.21,1.29,1.06,1,1.02726041313918,"4,774",13,"145,377,589",1.2,108.95,74.96,0.854700854700855,0.9300125690816
null,null,null,null,null,null,null,null,null,null,null,4,Project-L-6,0.23,0.23,0.23,0.18,0.18,0.18,0.18,1.00,0.15,0.15,0.15,0.04,1.00,1.01,1.00,1.18,1.18,1.18,1.32,1.12,1,1.03902810700982,"4,774",13,"145,377,589",1.64,108.95,76.15,0.816849816849817,0.9249993075176
null,null,null,null,null,null,null,null,null,null,null,5,Project-L-7,0.27,0.27,0.27,0.23,0.18,0.22,0.20,1.01,0.18,0.18,0.18,0.05,1.00,0.94,0.97,1.03,1.22,1.13,1.61,1.56,1.01,1.03784287165594,"4,774",13,"145,377,589",-0.78,108.95,76.03,0.778998778998779,0.9504186346804
null,null,null,null,null,null,null,null,null,null,null,6,Project-L-8,0.31,0.31,0.31,0.27,0.28,0.27,0.28,1.01,0.22,0.21,0.22,0.06,1.01,1.01,1.01,1.28,1.28,1.28,1.32,1.03,1.01,1.04495428377921,"4,774",13,"145,377,589",1.56,108.95,76.75,0.742368742368742,0.8953585243968
null,null,null,null,null,null,null,null,null,null,null,7,Project-L-9,0.35,0.35,0.35,0.32,0.32,0.32,0.32,1.01,0.26,0.26,0.26,0.06,0.99,0.99,0.99,1.23,1.23,1.23,1.26,1.03,1.01,1.03758889265154,"4,774",13,"145,377,589",0.0800000000000001,108.95,75.98,0.704517704517705,0.9002374805852
null,null,null,null,null,null,null,null,null,null,null,8,Project-L-10,0.38,0.38,0.38,0.36,0.36,0.36,0.36,1.01,0.30,0.30,0.30,0.06,1.00,1.00,1.00,1.21,1.21,1.21,1.25,1.02,1.01,1.03166271588215,"4,774",13,"145,377,589",1.51,108.95,75.2,0.667887667887668,0.8931588161936
null,null,null,null,null,null,null,null,null,null,null,9,Project-L-11,0.42,0.42,0.42,0.41,0.41,0.41,0.41,1.01,0.35,0.35,0.35,0.07,1.01,1.01,1.01,1.18,1.18,1.18,1.06,0.89,1.01,1.02658313579411,"4,774",13,"145,377,589",-0.22,102,74.6,0.63003663003663,0.9151006587332
null,null,null,null,null,null,null,null,null,null,null,10,Project-L-12,0.46,0.46,0.46,0.41,0.41,0.41,0.41,1.01,0.38,0.38,0.38,0.08,1.01,1.01,1.01,1.09,1.09,1.09,0.97,0.89,1.01,1.0332712495767,"4,774",13,"145,377,589",-1.61,102,75.24,0.594627594627595,0.947835345996
null,null,null,null,null,null,null,null,null,null,null,11,Project-L-13,0.53,0.53,0.53,0.51,0.51,0.51,0.51,1.01,0.46,0.46,0.46,0.09,0.99,0.99,0.99,1.11,1.11,1.11,0.99,0.9,1.01,1.03682695563833,"4,774",13,"145,377,589",0.15,102,75.37,0.52014652014652,0.9844061352404
null,null,null,null,null,null,null,null,null,null,null,12,Project-L-14,0.57,0.57,0.57,0.57,0.54,0.54,0.54,1.01,0.48,0.48,0.48,0.10,0.95,0.95,0.95,1.13,1.13,1.13,0.96,0.85,1.01,1.02844564849306,"4,774",13,"145,377,589",0.67,102,74.47,0.483516483516484,0.9726041543
null,null,null,null,null,null,null,null,null,null,null,13,Project-L-15,0.60,0.60,0.60,0.61,0.59,0.58,0.59,1.01,0.53,0.53,0.53,0.11,0.96,0.96,0.96,1.10,1.10,1.10,0.98,0.89,1.01,1.01676261429055,"4,774",13,"145,377,589",0.26,102,73.27,0.445665445665446,0.9855407387536
null,null,null,null,null,null,null,null,null,null,null,14,Project-L-16,0.64,0.64,0.64,0.65,0.64,0.64,0.64,1.01,0.57,0.57,0.57,0.12,0.98,0.98,0.98,1.12,1.12,1.12,0.91,0.81,1.01,1.01591601760921,"4,774",13,"145,377,589",1.31,102,73.17,0.409035409035409,0.9863298441056
null,null,null,null,null,null,null,null,null,null,null,15,Project-L-17,0.68,0.68,0.68,0.70,0.69,0.69,0.69,1.01,0.62,0.62,0.62,0.13,0.98,0.98,0.98,1.11,1.11,1.11,1,0.9,1.01,1.01964104300711,"4,774",13,"145,377,589",1.34,102,73.55,0.371184371184371,0.9932976090284
null,null,null,null,null,null,null,null,null,null,null,16,Project-L-18,0.72,0.72,0.72,0.75,0.74,0.73,0.73,1.01,0.65,0.65,0.65,0.14,0.98,0.98,0.98,1.12,1.12,1.12,0.95,0.85,1.01,1.02742973247545,"4,774",13,"145,377,589",-0.32,102,74.34,0.333333333333333,0.99029729234
null,null,null,null,null,null,null,null,null,null,null,17,Project-L-19,0.75,0.75,0.75,0.78,0.73,0.76,0.75,0.96,0.69,0.71,0.70,0.15,0.98,0.98,0.98,1.07,1.07,1.07,0.91,0.85,0.96,1.02861496782933,"4,774",13,"145,377,589",0.0299999999999998,102,74.34,0.296703296703297,0.9598465164484
null,null,null,null,null,null,null,null,null,null,null,18,Project-L-20,0.79,0.79,0.79,0.81,0.80,0.83,0.81,0.96,0.74,0.77,0.75,0.15,1.02,1.02,1.02,1.08,1.08,1.08,0.98,0.91,0.96,1.02565187944463,"4,774",13,"145,377,589",0.38,102,73.98,0.258852258852259,0.9657285778988
null,null,null,null,null,null,null,null,null,null,null,19,Project-L-21,0.83,0.83,0.83,0.88,0.83,0.86,0.85,0.96,0.76,0.79,0.77,0.16,0.98,0.98,0.98,1.09,1.09,1.09,1.08,0.99,0.96,1.02599051811717,"4,774",13,"145,377,589",0.78,102,73.97,0.222222222222222,0.9497164221156
null,null,null,null,null,null,null,null,null,null,null,20,Project-L-22,0.87,0.87,0.87,0.91,0.87,0.91,0.89,0.96,0.80,0.83,0.81,0.16,0.99,0.99,0.99,1.09,1.09,1.09,1.08,0.99,0.96,1.03013884185574,"4,774",13,"145,377,589",-0.51,101.91,74.37,0.184371184371184,0.9519097672396
null,null,null,null,null,null,null,null,null,null,null,21,Project-L-23,0.90,0.90,0.90,0.93,0.89,0.93,0.91,0.96,0.81,0.85,0.83,0.16,1.00,1.00,1.00,1.10,1.10,1.10,1.11,1.01,0.96,1.03530308161192,"4,774",13,"145,377,589",-1.61,101.91,74.88,0.148962148962149,0.9398655902304
null,null,null,null,null,null,null,null,null,null,null,22,Project-L-24,0.94,0.94,0.94,0.95,0.91,0.95,0.93,0.96,0.85,0.88,0.86,0.17,1.00,1.00,1.00,1.08,1.08,1.08,1.11,1.03,0.96,1.04698611581443,"4,774",13,"145,377,589",0.89,101.91,75.99,0.112332112332112,0.9457599567184
null,null,null,null,null,null,null,null,null,null,null,23,Project-L-25,0.98,0.98,0.98,0.97,0.93,0.97,0.95,0.96,0.83,0.86,0.84,0.19,1.00,1.00,1.00,1.13,1.13,1.13,1.14,1.01,0.96,1.06696579749407,"4,774",13,"145,377,589",-0.77,102.6,78.02,0.0744810744810745,0.893921172838
null,null,null,null,null,null,null,null,null,null,null,24,Project-L-26,1.01,1.01,1.01,0.99,0.95,0.99,0.97,0.96,0.88,0.91,0.90,0.20,1.00,1.00,1.00,1.08,1.08,1.08,1.07,0.99,0.96,1.09947511005757,"4,774",13,"145,377,589",0.97,102.6,81.26,0.0378510378510378,0.928130941208
null,null,null,null,null,null,null,null,null,null,null,25,Project-L-27,1.05,1.05,1.05,1.00,0.96,1.00,0.98,0.96,0.89,0.92,0.90,0.21,1.00,1.00,1.00,1.09,1.09,1.09,1.06,0.98,0.96,1.10878767355232,"4,774",13,"145,377,589",-0.2,102.6,82.11,0,0.9101165745956
null,null,null,null,null,null,null,null,null,null,null,26,Project-L-28,1.09,1.09,1.09,1.00,0.96,1.00,0.98,0.96,0.89,0.92,0.91,0.22,1.00,1.00,1.00,1.08,1.08,1.08,1.06,0.98,0.96,1.11276667795462,"4,774",13,"145,377,589",1.42,110.71,82.47,null,0.89312170006476
null,null,null,null,null,null,null,null,null,null,null,27,Project-L-29,1.12,1.12,1.12,1.00,0.96,1.00,0.98,0.96,0.92,0.95,0.93,0.23,1.00,1.00,1.00,1.05,1.05,1.05,1.03,0.98,0.96,1.11259735861835,"4,774",13,"145,377,589",2.34,110.71,82.37,null,0.90259994162292
null,null,null,null,null,null,null,null,null,null,null,null,null,null,null,null,null,null,null,null,null,null,null,null,null,null,null,null,null,null,null,null,null,null,null,null,null,null,null,null,null,null,null
null,null,null,null,null,null,null,null,null,null,null,null,null,null,null,null,null,null,null,null,null,null,null,null,null,null,null,null,null,null,null,null,null,null,null,null,null,null,null,null,null,null,null
null,null,null,null,null,null,null,null,null,null,null,null,null,null,null,null,null,null,null,null,null,null,null,null,null,null,null,null,null,null,null,null,null,null,null,null,null,null,null,null,null,null,null
H,"6,352",4,11,15,1,2004-03-05,2006-02-18,715,"202,241,810",31,1,Project-K-1,0.03,0.03,0.03,0.02,0.02,0.02,0.02,1.00,0.00,0.00,0.00,0.01,1.00,1.00,1.00,1.00,7.21,4.11,0,0,1,1,"6,352",15,"202,241,810",-0.37,108.95,75.73,1.06603773584906,0.8677484064104
null,null,null,null,null,null,null,null,null,null,null,2,Project-K-2,0.08,0.08,0.08,0.03,0.03,0.03,0.03,1.00,0.03,0.03,0.03,0.02,1.00,1.00,1.00,0.76,0.76,0.76,0,0,1,0.992031545223035,"6,352",15,"202,241,810",0.11,108.95,74.84,1.02425876010782,0.9022255214016
null,null,null,null,null,null,null,null,null,null,null,3,Project-K-3,0.12,0.12,0.12,0.09,0.06,0.06,0.06,1.00,0.06,0.06,0.06,0.03,0.69,0.69,0.69,1.00,1.00,1.00,0,0,1,0.9850488786659,"6,352",15,"202,241,810",1.2,108.95,74.06,0.983827493261456,0.9405821566056
null,null,null,null,null,null,null,null,null,null,null,4,Project-K-4,0.16,0.16,0.16,0.14,0.11,0.11,0.11,1.00,0.09,0.09,0.09,0.04,0.81,0.81,0.81,1.19,1.19,1.19,0.58,0.49,1,0.978148361127084,"6,352",15,"202,241,810",0.15,108.95,73.27,0.942048517520216,0.9598379964316
null,null,null,null,null,null,null,null,null,null,null,5,Project-K-5,0.20,0.20,0.20,0.18,0.17,0.17,0.17,1.00,0.13,0.14,0.13,0.04,0.92,0.92,0.92,1.25,1.22,1.24,0.83,0.67,1,0.99679618828555,"6,352",15,"202,241,810",1.2,108.95,74.96,0.901617250673854,0.9456779558064
null,null,null,null,null,null,null,null,null,null,null,6,Project-K-6,0.24,0.24,0.24,0.20,0.19,0.19,0.19,1.00,0.17,0.17,0.17,0.06,0.96,0.96,0.96,1.16,1.13,1.15,0.66,0.57,1,1.00821490183192,"6,352",15,"202,241,810",1.64,108.95,76.15,0.859838274932615,0.9484140776732
null,null,null,null,null,null,null,null,null,null,null,7,Project-K-7,0.28,0.28,0.28,0.22,0.21,0.21,0.21,1.00,0.20,0.20,0.20,0.08,0.98,0.98,0.98,1.06,1.04,1.05,0.93,0.87,1,1.00706481557545,"6,352",15,"202,241,810",-0.78,108.95,76.03,0.818059299191375,0.9614014266712
null,null,null,null,null,null,null,null,null,null,null,8,Project-K-8,0.32,0.32,0.32,0.24,0.24,0.24,0.24,1.00,0.23,0.24,0.23,0.08,1.00,1.00,1.00,1.04,1.02,1.03,0.8,0.76,1,1.01396533311427,"6,352",15,"202,241,810",1.56,108.95,76.75,0.777628032345013,0.9631263614812
null,null,null,null,null,null,null,null,null,null,null,9,Project-K-9,0.36,0.36,0.36,0.27,0.26,0.26,0.26,1.03,0.26,0.26,0.26,0.08,0.96,0.96,0.96,1.03,1.00,1.02,0.88,0.86,1.03,1.0068183685205,"6,352",15,"202,241,810",0.0800000000000001,108.95,75.98,0.735849056603774,0.9987860091128
null,null,null,null,null,null,null,null,null,null,null,10,Project-K-10,0.40,0.40,0.40,0.30,0.31,0.30,0.30,1.03,0.31,0.30,0.31,0.09,1.00,1.00,1.00,1.00,0.98,0.99,0.87,0.88,1.03,1.00106793723815,"6,352",15,"202,241,810",1.51,108.95,75.2,0.695417789757412,1.003558231682
null,null,null,null,null,null,null,null,null,null,null,11,Project-K-11,0.45,0.45,0.45,0.33,0.33,0.33,0.33,1.03,0.35,0.35,0.35,0.09,1.00,1.00,1.00,0.95,0.93,0.94,0.87,0.92,1.03,0.996138996138996,"6,352",15,"202,241,810",-0.22,102,74.6,0.653638814016173,1.0200119240516
null,null,null,null,null,null,null,null,null,null,null,12,Project-K-12,0.49,0.49,0.49,0.35,0.36,0.35,0.35,1.03,0.36,0.36,0.36,0.11,1.00,1.00,1.00,0.99,0.97,0.98,0.92,0.93,1.03,1.00262876858622,"6,352",15,"202,241,810",-1.61,102,75.24,0.61455525606469,1.0030986816404
null,null,null,null,null,null,null,null,null,null,null,13,Project-K-13,0.57,0.57,0.57,0.41,0.42,0.41,0.41,1.03,0.41,0.41,0.41,0.11,1.00,1.00,1.00,1.02,1.00,1.01,0.91,0.89,1.03,1.00607902735562,"6,352",15,"202,241,810",0.15,102,75.37,0.532345013477089,0.9742713676492
null,null,null,null,null,null,null,null,null,null,null,14,Project-K-14,0.61,0.61,0.61,0.43,0.45,0.44,0.45,1.03,0.44,0.44,0.44,0.13,1.01,1.01,1.01,1.03,1.01,1.02,0.94,0.91,1.03,0.997946274542019,"6,352",15,"202,241,810",0.67,102,74.47,0.491913746630728,0.968293254776
null,null,null,null,null,null,null,null,null,null,null,15,Project-K-15,0.65,0.65,0.65,0.47,0.50,0.49,0.50,1.03,0.47,0.47,0.47,0.14,1.04,1.04,1.04,1.06,1.04,1.05,0.96,0.9,1.03,0.986609710013965,"6,352",15,"202,241,810",0.26,102,73.27,0.450134770889488,0.9597283445436
null,null,null,null,null,null,null,null,null,null,null,16,Project-K-16,0.69,0.69,0.69,0.51,0.55,0.53,0.54,1.03,0.49,0.49,0.49,0.15,1.05,1.05,1.05,1.11,1.09,1.10,0.99,0.89,1.03,0.985788219830773,"6,352",15,"202,241,810",1.31,102,73.17,0.409703504043127,0.939156016022
null,null,null,null,null,null,null,null,null,null,null,17,Project-K-17,0.73,0.73,0.73,0.55,0.57,0.56,0.56,1.03,0.53,0.53,0.53,0.17,1.02,1.02,1.02,1.07,1.05,1.06,0.93,0.87,1.03,0.989402776636819,"6,352",15,"202,241,810",1.34,102,73.55,0.367924528301887,0.9511699846996
null,null,null,null,null,null,null,null,null,null,null,18,Project-K-18,0.77,0.77,0.77,0.60,0.62,0.60,0.61,1.03,0.59,0.59,0.59,0.18,1.00,1.00,1.00,1.04,1.02,1.03,0.96,0.93,1.03,0.996960486322188,"6,352",15,"202,241,810",-0.32,102,74.34,0.326145552560647,0.9704809252732
null,null,null,null,null,null,null,null,null,null,null,19,Project-K-19,0.81,0.81,0.81,0.68,0.72,0.68,0.70,1.07,0.64,0.61,0.63,0.18,1.00,1.00,1.00,1.13,1.11,1.12,0.96,0.85,1.07,0.998110572578658,"6,352",15,"202,241,810",0.0299999999999998,102,74.34,0.285714285714286,1.00939681048
null,null,null,null,null,null,null,null,null,null,null,20,Project-K-20,0.86,0.86,0.86,0.76,0.80,0.75,0.77,1.07,0.71,0.68,0.69,0.19,0.99,0.99,0.99,1.13,1.11,1.12,0.96,0.85,1.07,0.995235356937485,"6,352",15,"202,241,810",0.38,102,73.98,0.243935309973046,1.0256898856388
null,null,null,null,null,null,null,null,null,null,null,21,Project-K-21,0.90,0.90,0.90,0.83,0.88,0.83,0.86,1.07,0.77,0.73,0.75,0.19,0.99,0.99,0.99,1.15,1.13,1.14,0.96,0.83,1.07,0.995563953010762,"6,352",15,"202,241,810",0.78,102,73.97,0.203504043126685,1.0285882235188
null,null,null,null,null,null,null,null,null,null,null,22,Project-K-22,0.94,0.94,0.94,0.87,0.94,0.88,0.91,1.07,0.80,0.76,0.78,0.20,1.01,1.01,1.01,1.18,1.15,1.17,0.99,0.84,1.07,0.999589254908404,"6,352",15,"202,241,810",-0.51,101.91,74.37,0.161725067385445,1.0153228886992
null,null,null,null,null,null,null,null,null,null,null,23,Project-K-23,0.98,0.98,0.98,0.91,0.97,0.91,0.94,1.07,0.82,0.78,0.80,0.20,1.00,1.00,1.00,1.19,1.17,1.18,1.04,0.87,1.07,1.00460034502588,"6,352",15,"202,241,810",-1.61,101.91,74.88,0.122641509433962,1.000709327588
null,null,null,null,null,null,null,null,null,null,null,24,Project-K-24,1.02,1.02,1.02,0.95,1.02,0.96,0.99,1.07,0.85,0.82,0.84,0.21,1.00,1.00,1.00,1.19,1.17,1.18,1.06,0.88,1.07,1.01593690955393,"6,352",15,"202,241,810",0.89,101.91,75.99,0.0822102425876011,0.9971240553496
null,null,null,null,null,null,null,null,null,null,null,25,Project-K-25,1.06,1.06,1.06,0.98,1.05,0.99,1.02,1.07,0.85,0.81,0.83,0.22,1.00,1.00,1.00,1.24,1.21,1.23,1.1,0.89,1.07,1.03532407787727,"6,352",15,"202,241,810",-0.77,102.6,78.02,0.0404312668463612,0.9587887667952
null,null,null,null,null,null,null,null,null,null,null,26,Project-K-26,1.10,1.10,1.10,1.00,1.07,1.00,1.03,1.07,0.92,0.88,0.90,0.24,1.00,1.00,1.00,1.17,1.14,1.16,1.03,0.89,1.07,1.06686930091185,"6,352",15,"202,241,810",0.97,102.6,81.26,0,0.9979726089996
null,null,null,null,null,null,null,null,null,null,null,27,Project-K-27,1.14,1.14,1.14,1.00,1.07,1.00,1.03,1.07,0.93,0.89,0.91,0.25,1.00,1.00,1.00,1.15,1.13,1.14,1.03,0.89,1.07,1.07590569292697,"6,352",15,"202,241,810",-0.2,102.6,82.11,null,0.99204302648
null,null,null,null,null,null,null,null,null,null,null,28,Project-K-28,1.18,1.18,1.18,1.00,1.07,1.00,1.03,1.07,0.95,0.91,0.93,0.26,1.00,1.00,1.00,1.13,1.10,1.12,1.03,0.91,1.07,1.07976669678797,"6,352",15,"202,241,810",1.42,110.71,82.47,null,1.0139151192536
null,null,null,null,null,null,null,null,null,null,null,29,Project-K-29,1.22,1.22,1.22,1.00,1.03,1.00,1.02,1.03,0.96,0.95,0.95,0.27,1.00,1.00,1.00,1.08,1.06,1.07,1.03,0.95,1.03,1.07960239875133,"6,352",15,"202,241,810",2.34,110.71,82.37,null,0.9804282153952
null,null,null,null,null,null,null,null,null,null,null,30,Project-K-30,1.27,1.27,1.27,1.00,1.03,1.00,1.02,1.03,0.96,0.95,0.96,0.28,1.00,1.00,1.00,1.07,1.05,1.06,1.05,0.97,1.03,1.08412059475889,"6,352",15,"202,241,810",0.69,110.71,82.83,null,0.9841673323076
null,null,null,null,null,null,null,null,null,null,null,31,Project-K-31,1.31,1.31,1.31,1.00,1.04,1.00,1.02,1.04,0.99,0.95,0.97,0.29,1.00,1.00,1.00,1.08,1.05,1.07,1.08,1,1.04,1.0965250965251,"6,352",15,"202,241,810",0.75,85.05,83.57,null,1.0198952617368
null,null,null,null,null,null,null,null,null,null,null,null,null,null,null,null,null,null,null,null,null,null,null,null,null,null,null,null,null,null,null,null,null,null,null,null,null,null,null,null,null,null,null
null,null,null,null,null,null,null,null,null,null,null,null,null,null,null,null,null,null,null,null,null,null,null,null,null,null,null,null,null,null,null,null,null,null,null,null,null,null,null,null,null,null,null
null,null,null,null,null,null,null,null,null,null,null,null,null,null,null,null,null,null,null,null,null,null,null,null,null,null,null,null,null,null,null,null,null,null,null,null,null,null,null,null,null,null,null
I,"7,289",2,8,10,1,2005-06-15,2006-09-15,457,"190,844,707",20,1,Project-N-1,0.08,0.08,0.08,0.03,0.02,0.02,0.02,1.00,0.00,0.00,0.00,0.02,0.67,0.67,0.67,1.00,1.00,1.00,0,0,1,0.999167360532889,"7,289",10,"190,844,707",1.31,102,73.17,1.08239700374532,0.86885089489
null,null,null,null,null,null,null,null,null,null,null,2,Project-N-2,0.14,0.14,0.14,0.10,0.10,0.10,0.10,1.00,0.01,0.01,0.01,0.04,0.96,0.96,0.96,1.00,1.00,1.00,0,0,1,1.00283097418818,"7,289",10,"190,844,707",1.34,102,73.55,1.02434456928839,0.8668477352196
null,null,null,null,null,null,null,null,null,null,null,3,Project-N-3,0.20,0.20,0.20,0.16,0.14,0.14,0.14,1.00,0.03,0.03,0.03,0.05,0.93,0.93,0.93,1.00,1.00,1.00,1,0.62,1,1.0104912572856,"7,289",10,"190,844,707",-0.32,102,74.34,0.966292134831461,0.865426009788
null,null,null,null,null,null,null,null,null,null,null,4,Project-N-4,0.26,0.26,0.26,0.26,0.25,0.25,0.25,1.00,0.13,0.13,0.13,0.06,0.96,0.96,0.96,1.98,1.98,1.98,1.58,0.8,1,1.01165695253955,"7,289",10,"190,844,707",0.0299999999999998,102,74.34,0.910112359550562,0.8089545764868
null,null,null,null,null,null,null,null,null,null,null,5,Project-N-5,0.31,0.31,0.31,0.28,0.28,0.28,0.28,1.00,0.18,0.18,0.18,0.06,0.99,0.99,0.99,1.60,1.60,1.60,1.35,0.85,1,1.00874271440466,"7,289",10,"190,844,707",0.38,102,73.98,0.852059925093633,0.8352769104036
null,null,null,null,null,null,null,null,null,null,null,6,Project-N-6,0.37,0.37,0.37,0.34,0.34,0.34,0.34,1.00,0.24,0.24,0.24,0.07,0.98,0.98,0.98,1.39,1.39,1.39,1.16,0.83,1,1.00907577019151,"7,289",10,"190,844,707",0.78,102,73.97,0.795880149812734,0.8599869780148
null,null,null,null,null,null,null,null,null,null,null,7,Project-N-7,0.43,0.43,0.43,0.40,0.39,0.39,0.39,1.00,0.29,0.29,0.29,0.08,0.99,0.99,0.99,1.35,1.35,1.35,1.19,0.88,1,1.01315570358035,"7,289",10,"190,844,707",-0.51,101.91,74.37,0.737827715355805,0.8470243910252
null,null,null,null,null,null,null,null,null,null,null,8,Project-N-8,0.48,0.48,0.48,0.44,0.44,0.44,0.44,1.00,0.37,0.37,0.37,0.08,0.99,0.99,0.99,1.19,1.19,1.19,1.09,0.92,1,1.01823480432973,"7,289",10,"190,844,707",-1.61,101.91,74.88,0.683520599250936,0.9132467483036
null,null,null,null,null,null,null,null,null,null,null,9,Project-N-9,0.54,0.54,0.54,0.49,0.49,0.49,0.49,1.00,0.43,0.43,0.43,0.10,0.99,0.99,0.99,1.14,1.14,1.14,1.09,0.96,1,1.02972522897585,"7,289",10,"190,844,707",0.89,101.91,75.99,0.627340823970037,0.9400772561172
null,null,null,null,null,null,null,null,null,null,null,10,Project-N-10,0.60,0.60,0.60,0.57,0.55,0.55,0.55,1.00,0.47,0.47,0.47,0.12,0.98,0.98,0.98,1.19,1.19,1.19,1.1,0.92,1,1.04937552039967,"7,289",10,"190,844,707",-0.77,102.6,78.02,0.569288389513109,0.9212562442052
null,null,null,null,null,null,null,null,null,null,null,11,Project-N-11,0.65,0.65,0.65,0.62,0.61,0.60,0.61,1.03,0.52,0.51,0.51,0.13,0.96,0.96,0.96,1.19,1.19,1.19,1.06,0.9,1.03,1.08134887593672,"7,289",10,"190,844,707",0.97,102.6,81.26,0.51310861423221,0.9554422944948
null,null,null,null,null,null,null,null,null,null,null,12,Project-N-12,0.71,0.71,0.71,0.67,0.66,0.65,0.65,1.03,0.57,0.55,0.56,0.16,0.96,0.96,0.96,1.17,1.17,1.17,1.05,0.9,1.03,1.09050791007494,"7,289",10,"190,844,707",-0.2,102.6,82.11,0.455056179775281,0.9546792867004
null,null,null,null,null,null,null,null,null,null,null,13,Project-N-13,0.77,0.77,0.77,0.72,0.70,0.68,0.69,1.03,0.62,0.60,0.61,0.17,0.95,0.95,0.95,1.13,1.13,1.13,0.96,0.85,1.03,1.09442131557036,"7,289",10,"190,844,707",1.42,110.71,82.47,0.398876404494382,0.9639317713048
null,null,null,null,null,null,null,null,null,null,null,14,Project-N-14,0.83,0.83,0.83,0.75,0.73,0.71,0.72,1.03,0.66,0.64,0.65,0.18,0.94,0.94,0.94,1.11,1.11,1.11,1.01,0.91,1.03,1.09425478767694,"7,289",10,"190,844,707",2.34,110.71,82.37,0.340823970037453,0.9627435127444
null,null,null,null,null,null,null,null,null,null,null,15,Project-N-15,0.88,0.88,0.88,0.78,0.75,0.73,0.74,1.03,0.72,0.70,0.71,0.20,0.94,0.94,0.94,1.05,1.05,1.05,0.99,0.94,1.03,1.09883430474604,"7,289",10,"190,844,707",0.69,110.71,82.83,0.282771535580524,0.9818751137124
null,null,null,null,null,null,null,null,null,null,null,16,Project-N-16,0.94,0.94,0.94,0.94,0.81,0.90,0.86,0.91,0.75,0.83,0.79,0.20,0.96,0.96,0.96,1.08,1.08,1.08,1,0.93,0.91,1.11140716069942,"7,289",10,"190,844,707",0.75,85.05,83.57,0.226591760299625,0.895309478854
null,null,null,null,null,null,null,null,null,null,null,17,Project-N-17,1.00,1.00,1.00,0.98,0.85,0.94,0.89,0.91,0.78,0.86,0.82,0.22,0.96,0.96,0.96,1.09,1.09,1.09,0.96,0.89,0.91,1.11223980016653,"7,289",10,"190,844,707",-0.21,85.05,84,0.168539325842697,0.881206218052
null,null,null,null,null,null,null,null,null,null,null,18,Project-N-18,1.05,1.05,1.05,1.00,0.89,0.97,0.93,0.92,0.81,0.88,0.85,0.23,0.97,0.97,0.97,1.10,1.10,1.10,0.93,0.85,0.92,1.11665278934221,"7,289",10,"190,844,707",0.67,85.05,84.15,0.112359550561798,0.8626949291312
null,null,null,null,null,null,null,null,null,null,null,19,Project-N-19,1.11,1.11,1.11,1.00,0.91,0.99,0.95,0.92,0.84,0.91,0.87,0.24,0.99,0.99,0.99,1.08,1.08,1.08,0.97,0.9,0.92,1.11665278934221,"7,289",10,"190,844,707",-0.29,101.71,84.6,0.0543071161048689,0.8523703259486
null,null,null,null,null,null,null,null,null,null,null,20,Project-N-20,1.17,1.17,1.17,1.00,0.90,1.00,0.95,0.90,0.84,0.94,0.89,0.25,1.00,1.00,1.00,1.07,1.07,1.07,1.07,1,0.9,1.12764363030808,"7,289",10,"190,844,707",-1.58,101.71,85.79,0,0.84848003367776
null,null,null,null,null,null,null,null,null,null,null,null,null,null,null,null,null,null,null,null,null,null,null,null,null,null,null,null,null,null,null,null,null,null,null,null,null,null,null,null,null,null,null
null,null,null,null,null,null,null,null,null,null,null,null,null,null,null,null,null,null,null,null,null,null,null,null,null,null,null,null,null,null,null,null,null,null,null,null,null,null,null,null,null,null,null
null,null,null,null,null,null,null,null,null,null,null,null,null,null,null,null,null,null,null,null,null,null,null,null,null,null,null,null,null,null,null,null,null,null,null,null,null,null,null,null,null,null,null
J,"3,094",2,7,9,1,2005-10-01,2007-02-28,515,"102,500,000",15,1,Project-O-3,0.17,0.17,0.17,0.12,0.19,0.19,0.19,1.00,0.09,0.09,0.09,0.02,1.62,1.62,1.62,2.11,2.11,2.11,1.46,0.69,1,0.997448559670782,"3,094",9,"102,500,000",0.78,102,73.97,0.94368932038835,0.837889396234
null,null,null,null,null,null,null,null,null,null,null,2,Project-O-4,0.24,0.23,0.23,0.19,0.27,0.27,0.27,1.00,0.18,0.18,0.18,0.03,1.39,1.39,1.39,1.50,1.50,1.50,1.19,0.79,1,1.00148148148148,"3,094",9,"102,500,000",-0.51,101.91,74.37,0.883495145631068,0.8658638492116
null,null,null,null,null,null,null,null,null,null,null,3,Project-O-5,0.29,0.29,0.29,0.22,0.30,0.30,0.30,1.00,0.22,0.22,0.22,0.03,1.35,1.35,1.35,1.34,1.34,1.34,1.29,0.96,1,1.00650205761317,"3,094",9,"102,500,000",-1.61,101.91,74.88,0.827184466019418,0.869506463888
null,null,null,null,null,null,null,null,null,null,null,4,Project-O-6,0.35,0.35,0.35,0.26,0.35,0.35,0.35,1.00,0.26,0.26,0.26,0.05,1.33,1.33,1.33,1.32,1.32,1.32,1.33,1.01,1,1.01786008230453,"3,094",9,"102,500,000",0.89,101.91,75.99,0.768932038834951,0.8550450739284
null,null,null,null,null,null,null,null,null,null,null,5,Project-O-7,0.41,0.41,0.41,0.30,0.39,0.39,0.39,1.00,0.23,0.23,0.23,0.07,1.33,1.33,1.33,1.74,1.74,1.74,1.73,0.99,1,1.03728395061728,"3,094",9,"102,500,000",-0.77,102.6,78.02,0.70873786407767,0.757716516796
null,null,null,null,null,null,null,null,null,null,null,6,Project-O-8,0.47,0.47,0.47,0.35,0.44,0.44,0.44,1.00,0.36,0.36,0.36,0.09,1.26,1.26,1.26,1.22,1.22,1.22,1.18,0.97,1,1.06888888888889,"3,094",9,"102,500,000",0.97,102.6,81.26,0.650485436893204,0.8982515155
null,null,null,null,null,null,null,null,null,null,null,7,Project-O-9,0.53,0.53,0.53,0.40,0.49,0.49,0.49,1.00,0.40,0.40,0.40,0.11,1.23,1.23,1.23,1.23,1.23,1.23,1.07,0.87,1,1.07794238683128,"3,094",9,"102,500,000",-0.2,102.6,82.11,0.590291262135922,0.91861175582
null,null,null,null,null,null,null,null,null,null,null,8,Project-O-10,0.59,0.59,0.59,0.46,0.55,0.55,0.55,1.00,0.45,0.45,0.45,0.13,1.19,1.19,1.19,1.24,1.24,1.24,1.05,0.85,1,1.08181069958848,"3,094",9,"102,500,000",1.42,110.71,82.47,0.532038834951456,0.9119668888936
null,null,null,null,null,null,null,null,null,null,null,9,Project-O-11,0.65,0.65,0.65,0.55,0.59,0.59,0.59,1.00,0.49,0.49,0.49,0.14,1.08,1.08,1.08,1.21,1.21,1.21,1.03,0.85,1,1.08164609053498,"3,094",9,"102,500,000",2.34,110.71,82.37,0.471844660194175,0.9078760804924
null,null,null,null,null,null,null,null,null,null,null,10,Project-O-12,0.71,0.71,0.71,0.64,0.65,0.65,0.65,1.00,0.52,0.52,0.52,0.16,1.03,1.03,1.03,1.26,1.26,1.26,1.06,0.84,1,1.08617283950617,"3,094",9,"102,500,000",0.69,110.71,82.83,0.411650485436893,0.8782822320932
null,null,null,null,null,null,null,null,null,null,null,11,Project-O-13,0.77,0.77,0.77,0.71,0.74,0.74,0.74,1.00,0.63,0.63,0.63,0.16,1.05,1.05,1.05,1.18,1.18,1.18,1.11,0.94,1,1.09860082304527,"3,094",9,"102,500,000",0.75,85.05,83.57,0.353398058252427,0.9198504688732
null,null,null,null,null,null,null,null,null,null,null,12,Project-O-15,0.88,0.88,0.88,0.91,0.87,0.87,0.87,1.00,0.73,0.73,0.73,0.17,0.95,0.95,0.95,1.18,1.18,1.18,1.02,0.86,1,1.10378600823045,"3,094",9,"102,500,000",0.67,85.05,84.15,0.23495145631068,0.9188865277284
null,null,null,null,null,null,null,null,null,null,null,13,Project-O-17,1.00,1.00,1.00,0.98,0.98,0.98,0.98,1.00,0.78,0.78,0.78,0.18,1.00,1.00,1.00,1.26,1.26,1.26,1.1,0.87,1,1.11465020576132,"3,094",9,"102,500,000",-1.58,101.71,85.79,0.118446601941748,0.855911410262
null,null,null,null,null,null,null,null,null,null,null,14,Project-O-18,1.06,1.06,1.06,0.99,1.00,1.00,1.00,1.00,0.84,0.84,0.84,0.20,1.00,1.00,1.00,1.18,1.18,1.18,1.08,0.92,1,1.13399176954733,"3,094",9,"102,500,000",-0.44,101.71,87.88,0.0601941747572816,0.8850653496616
null,null,null,null,null,null,null,null,null,null,null,15,Project-O-19,1.12,1.12,1.12,1.00,0.96,1.00,0.98,0.96,0.92,0.96,0.94,0.22,1.00,1.00,1.00,1.04,1.04,1.04,1.04,1,0.96,1.13399176954733,"3,094",9,"102,500,000",0.18,103.77,89.73,0,0.91498257591764
